id,input_base,model_output,domain,pattern
1,train kaha tak jati hai,hindi-english code-switched sentence: train हा तक या है,travel,EN-HN-HN-HN-HN
2,bus timing check karna hai,hindi-english code-switched sentence: bus timing check करना है,travel,EN-EN-EN-HN-HN
3,station ke paas taxi available hai kya,hindi-english code-switched sentence: station के पास taxi available है क्या,travel,EN-HN-HN-EN-EN-HN-HN
4,flight ka boarding pass print karwana hai,hindi-english code-switched sentence: flight का boarding pass print करवा है,travel,EN-HN-EN-EN-EN-HN-HN
5,auto ka meter on karlo please,hindi-english code-switched sentence: car का meter on करलो please,travel,EN-HN-EN-HN-EN
6,highway pe speed limit follow karo,hindi-english code-switched sentence: highway पे speed limit follow करा,travel,EN-HN-EN-EN-EN-HN
7,luggage ka weight check ho gaya kya,hindi-english code-switched sentence: लुगागे का weight check हो गया क्या,travel,EN-HN-EN-EN-HN-HN-HN
8,train platform number change ho gaya,hindi-english code-switched sentence: train platform number change हो गया,travel,EN-EN-EN-EN-HN-HN
9,flight delay ka reason bata sakte ho,hindi-english code-switched sentence: flight delay का reason बात साके हो,travel,EN-EN-HN-EN-HN-HN-HN
10,ticket ka refund online mil jayega kya,hindi-english code-switched sentence: ticket का refund online मिल यायेगा क्या,travel,EN-HN-EN-EN-HN-HN-HN
11,pizza ka order cancel karna padega,hindi-english code-switched sentence: pizza का order cancel karna पाडेगा,food,EN-HN-EN-EN-HN-HN
12,chai me extra sugar add kar do,hindi-english code-switched sentence: चाई मे extra sugar add कार do,food,HN-HN-EN-EN-EN-HN-HN
13,pasta thoda spicy bana dena,hindi-english code-switched sentence: pasta थाडा spy बान देना,food,EN-HN-EN-HN-HN
14,juice ka bill pay kar diya kya,hindi-english code-switched sentence: juice का bill pay कर दिया क्या,food,EN-HN-EN-EN-HN-HN-HN
15,biryani me raita include hota hai kya,hindi-english code-switched sentence: बुर्यानि मे राा include hota है क्य,food,HN-HN-HN-EN-HN-HN-HN
16,cold coffee thodi kam sweet chahiye,hindi-english code-switched sentence: cold coffee थोदि कम sweet चाही,food,EN-EN-HN-HN-EN-HN
17,burger ke andar cheese extra daalna,hindi-english code-switched sentence: burger के अंदार cheese extra दाल्ना,food,EN-HN-HN-EN-EN-HN
18,pani ka bottle cold hai kya,hindi-english code-switched sentence: pani का bottle cold है क्या,food,HN-HN-EN-EN-HN-HN
19,dosa ka chutney thoda aur milega,hindi-english code-switched sentence: dose का चुटनी थोडा gold मिले,food,HN-HN-HN-HN-HN-HN
20,coffee ka order ready ho gaya,hindi-english code-switched sentence: coffee का order ready हो गया,food,EN-HN-EN-EN-HN-HN
21,shirt ka size medium available hai,hindi-english code-switched sentence: shirt का size medium available है,shopping,EN-HN-EN-EN-EN-HN
22,jeans ka rate thoda kam karo,hindi-english code-switched sentence: जेंस का rate थोदा कारा,shopping,EN-HN-EN-HN-HN-HN
23,shoes ka color black chahiye,hindi-english code-switched sentence: shows का colour black चाहिये,shopping,EN-HN-EN-EN-HN
24,bag me laptop fit ho jayega kya,hindi-english code-switched sentence: बां मे laptop fit हो यायेगा क्या,shopping,EN-HN-EN-EN-HN-HN-HN
25,discount coupon apply kar diya kya,hindi-english code-switched sentence: discount coupon apply कार दिया क्या,shopping,EN-EN-EN-HN-HN-HN
26,product ki quality check karni hai,hindi-english code-switched sentence: product कि quality check करनि है,shopping,EN-HN-EN-EN-HN-HN
27,delivery ka status update aaya kya,hindi-english code-switched sentence: delivery का status update आया क्या,shopping,EN-HN-EN-EN-HN-HN
28,bill me GST include hai kya,hindi-english code-switched sentence: bill मे GST include है क्या,shopping,EN-HN-EN-EN-HN-HN
29,packing thodi strong kar dena,hindi-english code-switched sentence: packing थी strong car देना,shopping,EN-HN-EN-HN-HN
30,price list display nahi hui,hindi-english code-switched sentence: price list display नाही हई,shopping,EN-EN-EN-HN-HN
31,meeting ka link send kar do,hindi-english code-switched sentence: meeting का link send कार do,social,EN-HN-EN-EN-HN-HN
32,party ka plan final hua kya,hindi-english code-switched sentence: party का plan final hua क्या,social,EN-HN-EN-EN-HN-HN
33,message ka reply kyun nahi diya,hindi-english code-switched sentence: message का reply कीं नाही डिया,social,EN-HN-EN-HN-HN-HN
34,call ka network issue ho raha,hindi-english code-switched sentence: call का network issue हो रार,social,EN-HN-EN-EN-HN-HN
35,photo ka background change kar dena,hindi-english code-switched sentence: photo का background change कार देना,social,EN-HN-EN-EN-HN-HN
36,plan ka update batao jaldi,hindi-english code-switched sentence: plan का update बाटाओ यालdi,social,EN-HN-EN-HN-HN
37,time ka reminder lagana padega,hindi-english code-switched sentence: time का remember लागा पाडेगा,social,EN-HN-EN-HN-HN
38,friends ka group active nahi hai,hindi-english code-switched sentence: friends का group active नाही है,social,EN-HN-EN-EN-HN-HN
39,birthday ka gift decide nahi hua,hindi-english code-switched sentence: birthday का gift decision नाही hua,social,EN-HN-EN-EN-HN-HN
40,plan me thoda change karna hoga,hindi-english code-switched sentence: पने मे थोदा change karna होगा,social,EN-HN-HN-EN-HN-HN
41,report ka draft send karna hai,hindi-english code-switched sentence: report का draft send करना है,work,EN-HN-EN-EN-HN-HN
42,meeting ka agenda update karo,hindi-english code-switched sentence: meeting का agenda update करा,work,EN-HN-EN-EN-HN
43,file ka backup rakh lena,hindi-english code-switched sentence: file का backup राख लेना,work,EN-HN-EN-HN-HN
44,email ka attachment open nahi ho raha,hindi-english code-switched sentence: email का attachment open नाही हो रार,work,EN-HN-EN-EN-HN-HN-HN
45,task ka status confirm karna,hindi-english code-switched sentence: task का status confirm करना,work,EN-HN-EN-EN-HN
46,project ka timeline tight ho gaya,hindi-english code-switched sentence: project का टमेले ट हो गया,work,EN-HN-EN-EN-HN-HN
47,laptop ka charger missing hai,hindi-english code-switched sentence: laptop का charge missing है,work,EN-HN-EN-EN-HN
48,code me error aa raha hai,hindi-english code-switched sentence: code me error aa राह है,work,EN-HN-EN-HN-HN-HN
49,work ka deadline kal hai,hindi-english code-switched sentence: work का deadline कल है,work,EN-HN-EN-HN-HN
50,meeting ka link wrong tha,hindi-english code-switched sentence: meeting का link wrong था,work,EN-HN-EN-EN-HN
51,homework ka topic explain kar do,hindi-english code-switched sentence: homework का topic explain कार do,education,EN-HN-EN-EN-HN-HN
52,class ka schedule change ho gaya,hindi-english code-switched sentence: class का schedule change हो गया,education,EN-HN-EN-EN-HN-HN
53,exam ka syllabus confirm karna hai,hindi-english code-switched sentence: exam का syllabus confirm करना है,education,EN-HN-EN-EN-HN-HN
54,notes ka PDF share kar dena,hindi-english code-switched sentence: notes का pdf share कर देना,education,EN-HN-EN-EN-HN-HN
55,lecture ka recording upload hua kya,hindi-english code-switched sentence: read का recording upload hua क्या,education,EN-HN-EN-EN-HN-HN
56,assignment ka deadline extend hoga,hindi-english code-switched sentence: assignment का deathline extend होगा,education,EN-HN-EN-EN-HN
57,project ka topic finalize karte hain,hindi-english code-switched sentence: project का topic finish karte हैन,education,EN-HN-EN-EN-HN-HN
58,book ka chapter difficult lag raha,hindi-english code-switched sentence: book का chapter difficult लग रा,education,EN-HN-EN-EN-HN-HN
59,attendance ka criteria kya hai,hindi-english code-switched sentence: attendance का criteria क्या है,education,EN-HN-EN-HN-HN
60,test ka result kab aayega,hindi-english code-switched sentence: test का result काब आईगे,education,EN-HN-EN-HN-HN
61,room ka light off kar do,hindi-english code-switched sentence: room का light off कार do,household,EN-HN-EN-EN-HN-HN
62,kitchen ka slab clean karna hai,hindi-english code-switched sentence: kitchen का slab clean करना है,household,EN-HN-EN-EN-HN-HN
63,fan ka speed increase kar do,hindi-english code-switched sentence: फां का speed increase कार do,household,EN-HN-EN-EN-HN-HN
64,bottle ka water fill kar do,hindi-english code-switched sentence: butle का water fill car do,household,EN-HN-EN-EN-HN-HN
65,AC ka temperature kam kar do,hindi-english code-switched sentence: आक का temperature कम कार दो,household,EN-HN-EN-HN-HN-HN
66,gate ka lock lagana mat bhoolna,hindi-english code-switched sentence: gate का lock लागाना मै बोलना,household,EN-HN-EN-HN-HN-HN
67,table ka cover change kar dena,hindi-english code-switched sentence: table का cover change कार देना,household,EN-HN-EN-EN-HN-HN
68,clothes ka ironing karna hai,hindi-english code-switched sentence: closes का ironing करना है,household,EN-HN-EN-HN-HN
69,fridge ka door properly close karo,hindi-english code-switched sentence: fridge का दर properly close करा,household,EN-HN-EN-EN-EN-HN
70,milk ka packet fridge me rakhna,hindi-english code-switched sentence: milk का package friday मे राख्ना,household,EN-HN-EN-EN-HN-HN
71,phone ka storage full ho gaya,hindi-english code-switched sentence: phone का storage full हो गाया,digital,EN-HN-EN-EN-HN-HN
72,app ka update install karna hai,hindi-english code-switched sentence: app का update install करना है,digital,EN-HN-EN-HN-HN-HN
73,password ka reset option nahi mil raha,hindi-english code-switched sentence: password का set option नाही मिल रार,digital,EN-HN-EN-EN-HN-HN-HN
74,WiFi ka signal weak lag raha,hindi-english code-switched sentence: wifi का signal week लग रार,digital,EN-HN-EN-EN-HN-HN
75,phone ka hotspot on kar do,hindi-english code-switched sentence: phone का hotspot on kar do,digital,EN-HN-EN-EN-HN-HN
76,laptop ka update pending hai,hindi-english code-switched sentence: laptop का update pending है,digital,EN-HN-EN-EN-HN
77,screen ka brightness kam kar do,hindi-english code-switched sentence: screen का brightness कम कार दो,digital,EN-HN-EN-HN-HN-HN
78,mic ka input detect nahi ho raha,hindi-english code-switched sentence: मिका input detection नाही हो रार,digital,EN-HN-EN-EN-HN-HN-HN
79,speaker ka volume low hai,hindi-english code-switched sentence: speaker का volume low है,digital,EN-HN-EN-EN-HN
80,battery ka percentage kam ho raha,hindi-english code-switched sentence: battery का percentage कम हो रार,digital,EN-HN-EN-HN-HN-HN
81,medicine ka dose kab lena hai,hindi-english code-switched sentence: medicine का dose काब लेना है,health,EN-HN-EN-HN-HN-HN
82,doctor ka appointment confirm hua,hindi-english code-switched sentence: doctor का appointment confirm hua,health,EN-HN-EN-EN-HN
83,fever ka temperature check karo,hindi-english code-switched sentence: fever का temperature check करा,health,EN-HN-EN-EN-HN
84,syrup ka spoon measure karna,hindi-english code-switched sentence: सिरूप का सोन measure करना,health,EN-HN-EN-EN-HN
85,prescription ka photo send kar do,hindi-english code-switched sentence: requirement का photo send कार do,health,EN-HN-EN-EN-HN-HN
86,pain ka reason samajh nahi aa raha,hindi-english code-switched sentence: pain का reason समाय्ह नाही aa रार,health,EN-HN-EN-HN-HN-HN-HN
87,BP ka reading high aa gaya,hindi-english code-switched sentence: BP का reading high aa गया,health,EN-HN-EN-HN-HN-HN
88,tablet ka effect slow hai,hindi-english code-switched sentence: tablet का effect slow है,health,EN-HN-EN-EN-HN
89,sugar ka test fasting me hota hai,hindi-english code-switched sentence: sugar का test fixing me hot है,health,EN-HN-EN-EN-HN-HN-HN
90,doctor ka clinic kis time open hota,hindi-english code-switched sentence: doctor का clinic किस time open hot,health,EN-HN-EN-HN-EN-EN-HN
91,bus stop ka route map dikhana,hindi-english code-switched sentence: bus stop का route map दिखाना,transport,EN-EN-HN-EN-EN-HN
92,cab ka OTP enter kar do,hindi-english code-switched sentence: cab का OTP enter कार do,transport,EN-HN-EN-EN-HN-HN
93,road ka traffic heavy lag raha,hindi-english code-switched sentence: road का traffic heavy लग रार,transport,EN-HN-EN-EN-HN-HN
94,signal ka light green ho gaya,hindi-english code-switched sentence: signal का light green हो गया,transport,EN-HN-EN-EN-HN-HN
95,metro ka gate kis side hoga,hindi-english code-switched sentence: मेर का गाटे किस side होगा,transport,EN-HN-EN-HN-EN-HN
96,cab ka driver close aa raha,hindi-english code-switched sentence: cab का driver close aa रार,transport,EN-HN-EN-EN-HN-HN
97,parking ka ticket lose mat karna,hindi-english code-switched sentence: parking का ticket loss मात करना,transport,EN-HN-EN-EN-HN-HN
98,petrol ka price phir badh gaya,hindi-english code-switched sentence: petrol का price फिर बाद् गया,transport,EN-HN-EN-HN-HN-HN
99,bike ka tyre flat ho gaya,hindi-english code-switched sentence: बिके का हुम flat हो गया,transport,EN-HN-EN-EN-HN-HN
100,rickshaw ka turn galat lag raha,hindi-english code-switched sentence: rickshaw का turn गाल लग रार,transport,EN-HN-EN-HN-HN-HN
101,train ka AC coach available hai kya,hindi-english code-switched sentence: train का आक coach available है क्या,travel,EN-HN-EN-EN-EN-HN-HN
102,bus ka last stop kaha aata hai,hindi-english code-switched sentence: bus का last stop है आता है,travel,EN-HN-EN-EN-HN-HN-HN
103,flight ka gate number announce hua,hindi-english code-switched sentence: flight का gate number announce hua,travel,EN-HN-EN-EN-EN-HN
104,cab ka pickup location change ho gaya,hindi-english code-switched sentence: का pickup location change हो गया,travel,EN-HN-EN-EN-EN-HN-HN
105,platform ka lift kaam nahi kar raha,hindi-english code-switched sentence: platform का lift काम नाही कार रार,travel,EN-HN-EN-HN-HN-HN-HN
106,restaurant ka waiting time zyada hai,hindi-english code-switched sentence: restaurant का waiting time जादा है,food,EN-HN-EN-EN-HN-HN
107,starter ka portion thoda chhota hai,hindi-english code-switched sentence: starter का portion था चोटा है,food,EN-HN-EN-HN-HN-HN
108,menu ka digital version available hai,hindi-english code-switched sentence: menu का digital version available है,food,EN-HN-EN-EN-EN-HN
109,dessert ka sugar level kam rakho,hindi-english code-switched sentence: डेसर्ट का sugar level कम राखो,food,EN-HN-EN-EN-HN-HN
110,online order ka packing loose tha,hindi-english code-switched sentence: online order का packing loss था,shopping,EN-EN-HN-EN-HN-HN
111,wallet ka zip properly band nahi hua,hindi-english code-switched sentence: वालट का zip properly band नाही hua,shopping,EN-HN-EN-EN-HN-HN-HN
112,online sale ka notification miss ho gaya,hindi-english code-switched sentence: online sale का notification miss हो गया,shopping,EN-EN-HN-EN-EN-HN-HN
113,payment ka transaction failed dikha raha,hindi-english code-switched sentence: payment का transaction failed दिखा रार,shopping,EN-HN-EN-EN-HN-HN-HN
114,meeting ka room number update hua,hindi-english code-switched sentence: meeting का room number update hua,work,EN-HN-EN-EN-HN-HN
115,client ka feedback positive aa raha,hindi-english code-switched sentence: client का feedback positive aa रा,work,EN-HN-EN-EN-HN-HN
116,presentation ka slide order change karo,hindi-english code-switched sentence: presentation का slid order change करा,work,EN-HN-EN-EN-EN-HN
117,office ka printer jam ho gaya,hindi-english code-switched sentence: office का printer जम हो गया,work,EN-HN-EN-HN-HN
118,lecture ka audio clearly sunai nahi de raha,hindi-english code-switched sentence: read का audio clearly सानाई नाही de रा,education,EN-HN-EN-EN-HN-HN-HN-HN
119,assignment ka format properly follow karo,hindi-english code-switched sentence: assignment का format properly followed करा,education,EN-HN-EN-EN-EN-HN
120,exam ka seating arrangement change hua,hindi-english code-switched sentence: exam का setting arrangement change hua,education,EN-HN-EN-EN-HN-HN
121,library ka reading room silent hona chahiye,hindi-english code-switched sentence: library का reading room silent होना चाहिये,education,EN-HN-EN-EN-HN-HN-HN
122,notes ka handwriting samajh nahi aa raha,hindi-english code-switched sentence: notes का writing समाय्ह नाही aa रार,education,EN-HN-EN-HN-HN-HN-HN
123,online class ka attendance mark hua,hindi-english code-switched sentence: online class का extension mark hua,education,EN-EN-HN-EN-HN-HN
124,teacher ka feedback useful laga,hindi-english code-switched sentence: teacher का feedback useful लाग,education,EN-HN-EN-EN-HN
125,exam ka paper lengthy tha,hindi-english code-switched sentence: exam का paper length th,education,EN-HN-EN-EN-HN
126,hostel ka wifi slow chal raha,hindi-english code-switched sentence: hostel का wife slow चारा,education,EN-HN-EN-EN-HN-HN
127,canteen ka menu update hua,hindi-english code-switched sentence: canteen का menu update hua,education,EN-HN-EN-EN-HN
128,assignment ka plagiarism check hua,hindi-english code-switched sentence: assignment का प्लगियारिस्म check हा,education,EN-HN-EN-EN-HN
129,class ka projector kaam nahi kar raha,hindi-english code-switched sentence: class का projector काम नाही car रार,education,EN-HN-EN-HN-HN-HN-HN
130,syllabus ka revision plan bana lete hain,hindi-english code-switched sentence: सिलाबु का review plan बान लेटे हैन,education,EN-HN-EN-EN-HN-HN-HN
131,room ka fan noise kar raha,hindi-english code-switched sentence: room का fan नोसी कार रार,household,EN-HN-EN-HN-HN
132,bathroom ka geyser warm nahi ho raha,hindi-english code-switched sentence: bathroom का geyser warm नाही हो रार,household,EN-HN-EN-HN-HN-HN-HN
133,washing machine ka timer set karo,hindi-english code-switched sentence: washing machine का timer set करा,household,EN-EN-EN-HN-HN
134,balcony ka door properly band karo,hindi-english code-switched sentence: balcony का दर properly band करा,household,EN-HN-EN-HN-EN-HN
135,gas cylinder ka refill book kar do,hindi-english code-switched sentence: gas cylinder का reply book कार do,household,EN-HN-EN-EN-EN-HN-HN
136,clock ka alarm disable kar dena,hindi-english code-switched sentence: clock का alarm disable कार देना,household,EN-HN-EN-EN-HN-HN
137,bed ka sheet wash karna reh gaya,hindi-english code-switched sentence: बेड का शेट wash karna रह गाया,household,EN-HN-EN-HN-HN-HN
138,doorbell ka sound low lag raha,hindi-english code-switched sentence: दुरबेल का sound low लग रार,household,EN-HN-EN-EN-HN-HN
139,sofa ka cushion replace karna padega,hindi-english code-switched sentence: सोफा का कुशिन replace karna पाडेगा,household,EN-HN-EN-EN-HN-HN
140,table ka leg loose ho gaya,hindi-english code-switched sentence: table का लेग लोसे हो गया,household,EN-HN-EN-EN-HN-HN
141,app ka login error baar baar aa raha,hindi-english code-switched sentence: app का login error बार बार aa रार,digital,EN-HN-EN-EN-HN-HN-HN
142,phone ka camera focus nahi kar raha,hindi-english code-switched sentence: phone का camera focus नही car रार,digital,EN-HN-EN-HN-HN-HN
143,system ka update automatically install hua,hindi-english code-switched sentence: system का update automatically install हा,digital,EN-HN-EN-EN-EN-HN
144,email ka spam filter strict ho gaya,hindi-english code-switched sentence: email का spam filter strict हो गाया,digital,EN-HN-EN-EN-HN-HN
145,browser ka cache clear kar do,hindi-english code-switched sentence: browser का cache clear कार do,digital,EN-HN-EN-EN-EN-HN
146,phone ka screen protector crack ho gaya,hindi-english code-switched sentence: phone का screen protector crack हो गया,digital,EN-HN-EN-EN-HN-HN
147,notification ka sound customize karna hai,hindi-english code-switched sentence: notification का sound customise करना है,digital,EN-HN-EN-EN-HN-HN
148,video call ka audio delay ho raha,hindi-english code-switched sentence: video call का audio delay हो रार,digital,EN-EN-HN-EN-HN-HN
149,cloud ka backup incomplete dikh raha,hindi-english code-switched sentence: cloud का backup incomplete दिख रा,digital,EN-HN-EN-EN-HN-HN
150,server ka response time slow hai,hindi-english code-switched sentence: server का response time slow है,digital,EN-HN-EN-EN-EN-HN
151,doctor ka advice follow karna zaroori,hindi-english code-switched sentence: doctor का advice follow करना जारोरी,health,EN-HN-EN-EN-HN-HN
152,medicine ka side effect notice hua,hindi-english code-switched sentence: medicine का side effect notice hua,health,EN-HN-EN-EN-HN-HN
153,blood test ka report normal aaya,hindi-english code-switched sentence: blood test का report normal आया,health,EN-EN-HN-EN-HN-HN
154,clinic ka waiting area crowded tha,hindi-english code-switched sentence: clinic का waiting area crowded था,health,EN-HN-EN-EN-EN-HN
155,injection ka pain thoda zyada laga,hindi-english code-switched sentence: injection का pain थोदा जादा लाग,health,EN-HN-EN-HN-HN-HN
156,diet ka chart strictly follow karo,hindi-english code-switched sentence: diet का chart strictly following करा,health,EN-HN-EN-EN-EN-HN
157,hospital ka emergency ward full hai,hindi-english code-switched sentence: hospital का emergency ward full है,health,EN-HN-EN-EN-EN-HN
158,tablet ka dosage change hua,hindi-english code-switched sentence: tablet का dose change hua,health,EN-HN-EN-EN-HN
159,physiotherapy ka session cancel hua,hindi-english code-switched sentence: physiotherapy का session cancel hua,health,EN-HN-EN-EN-HN
160,vaccination ka slot reschedule karna,hindi-english code-switched sentence: vaccination का slot रेचेडूले करना,health,EN-HN-EN-EN-HN
161,office ka access card gum ho gaya,hindi-english code-switched sentence: office का access card गुम हो गया,work,EN-HN-EN-EN-HN-HN
162,team ka performance review acha raha,hindi-english code-switched sentence: team का performance review आचा रार,work,EN-HN-EN-EN-HN-HN
163,client ka call late aaya,hindi-english code-switched sentence: client का call late आया,work,EN-HN-EN-HN-HN
164,proposal ka budget revise karna hoga,hindi-english code-switched sentence: proposed का budget review करना होगा,work,EN-HN-EN-EN-HN-HN
165,deadline ka pressure zyada ho raha,hindi-english code-switched sentence: deadline का pressure जादा हो रार,work,EN-HN-EN-HN-HN-HN
166,office ka internet unstable lag raha,hindi-english code-switched sentence: office का internet unstable लग रार,work,EN-HN-EN-EN-HN-HN
167,report ka format client ko pasand aaya,hindi-english code-switched sentence: report का format client को pass आया,work,EN-HN-EN-EN-HN-HN-HN
168,meeting ka minutes circulate kar dena,hindi-english code-switched sentence: meeting का minutes circle का देना,work,EN-HN-EN-EN-HN-HN
169,presentation ka rehearsal ek baar aur karte,hindi-english code-switched sentence: presentation का रहेरसाल एक बार और कार्,work,EN-HN-EN-HN-HN-HN-HN
170,team ka standup meeting skip ho gaya,hindi-english code-switched sentence: team का stand meeting ship हो गया,work,EN-HN-EN-EN-HN-HN
171,party ka venue confirm ho gaya,hindi-english code-switched sentence: party का venue confirm हो गया,social,EN-HN-EN-HN-HN
172,group ka plan last moment pe change hua,hindi-english code-switched sentence: group का plan last moment पे change hua,social,EN-HN-EN-HN-EN-HN-HN
173,message ka reply kaafi late aaya,hindi-english code-switched sentence: message का reply कााफि late आया,social,EN-HN-EN-HN-HN-HN
174,friend ka mood off lag raha,hindi-english code-switched sentence: friend का mood off लग रार,social,EN-HN-EN-HN-HN
175,call ka response thoda cold tha,hindi-english code-switched sentence: call का reply थोदा cold था,social,EN-HN-EN-HN-HN-HN
176,chat ka screenshot save kar lena,hindi-english code-switched sentence: chat का screenshot save kar लेना,social,EN-HN-EN-EN-HN-HN
177,event ka invitation miss ho gaya,hindi-english code-switched sentence: event का invitation miss हो गया,social,EN-HN-EN-HN-HN
178,status ka reaction kaafi funny tha,hindi-english code-switched sentence: status का reaction कााफि funny था,social,EN-HN-EN-HN-HN-HN
179,group chat ka notification mute kar diya,hindi-english code-switched sentence: group chat का notification mute कर डिया,social,EN-EN-EN-HN-HN-HN
180,meetup ka time last minute pe shift hua,hindi-english code-switched sentence: मेटू का time last minute पे shift hua,social,EN-HN-EN-HN-EN-HN-HN
181,bus ka route map outdated lag raha,hindi-english code-switched sentence: bus का route map outdated लग रार,transport,EN-HN-EN-EN-HN-HN
182,traffic ka signal timing change hua,hindi-english code-switched sentence: traffic का signal timing change hua,transport,EN-HN-EN-EN-HN-HN
183,cab ka fare surge pe chal raha,hindi-english code-switched sentence: का फार सुर्गे प चाल रा,transport,EN-HN-EN-HN-HN-HN
184,metro ka platform screen blank hai,hindi-english code-switched sentence: मेर का platform screen blank है,transport,EN-HN-EN-EN-EN-HN
185,driver ka navigation galat direction dikha raha,hindi-english code-switched sentence: driver का navigation गाल direction दिखा रार,transport,EN-HN-EN-EN-HN-HN-HN
186,road ka diversion unexpected nikla,hindi-english code-switched sentence: road का विसिसियों unexpected निका,transport,EN-HN-EN-EN-HN
187,parking ka slot thoda narrow hai,hindi-english code-switched sentence: parking का slot था narrow है,transport,EN-HN-EN-HN-HN-HN
188,petrol pump ka card machine down hai,hindi-english code-switched sentence: petrol pump का card machine down है,transport,EN-HN-EN-EN-EN-HN
189,bike ka engine sound unusual lag raha,hindi-english code-switched sentence: बिके का engine sound unusual लग रार,transport,EN-HN-EN-EN-HN-HN
190,auto ka fare meter fast chal raha,hindi-english code-switched sentence: car का फार मर स्थ चार,transport,EN-HN-EN-EN-HN-HN
191,route ka shortcut risky lag raha,hindi-english code-switched sentence: route का shortcut risk लग रार,transport,EN-HN-EN-EN-HN-HN
192,traffic police ka checkpoint aage hai,hindi-english code-switched sentence: traffic police का checkpoint age है,transport,EN-HN-EN-HN-HN-HN
193,seat belt ka reminder beep aa raha,hindi-english code-switched sentence: सेट बेल्ट का reminder बेप aa रार,transport,EN-HN-EN-EN-HN-HN
194,navigation ka reroute option aaya,hindi-english code-switched sentence: navigation का route option आया,transport,EN-HN-EN-EN-HN
195,toll plaza ka fastag scan nahi hua,hindi-english code-switched sentence: toll प्राजा का fastag scan नाही hua,transport,EN-HN-EN-HN-HN-HN
196,route ka alternative suggest kar do,hindi-english code-switched sentence: route का alternative suggest कार दो,transport,EN-HN-EN-EN-HN
197,station ka exit gate left side pe hai,hindi-english code-switched sentence: station का exit gate left side पे है,transport,EN-HN-EN-EN-HN-HN-HN
198,bus ka conductor change ho gaya,hindi-english code-switched sentence: bus का driver change हो गया,transport,EN-HN-EN-HN-HN
199,metro ka first coach ladies ke liye,hindi-english code-switched sentence: meter का first coach ladies के लिये,transport,EN-HN-EN-EN-HN-HN-HN
200,journey ka overall experience smooth raha,hindi-english code-स्व्टेड sentence: जगनी का overall experience taste रा,travel,EN-HN-EN-EN-EN-HN-HN
201,train ka arrival time late ho gaya,hindi-english code-switched sentence: train का arrive time late हो गया,travel,EN-HN-EN-EN-HN-HN
202,bus ka conductor ticket check kar raha,hindi-english code-switched sentence: bus का driver ticket check कार रार,travel,EN-HN-EN-EN-HN-HN-HN
203,platform ka announcement clear nahi sunai diya,hindi-english code-switched sentence: platform का announcement clear नाही सानाई डिया,travel,EN-HN-EN-HN-HN-HN-HN-HN
204,seat ka number window side ka hai,hindi-english code-switched sentence: set का number window side का है,travel,EN-HN-EN-EN-HN-HN-HN
205,journey ke beech me stop extra add hua,hindi-english code-switched sentence: journey के बेच मे stop extra add hua,travel,EN-HN-EN-HN-HN-HN-HN
206,restaurant ka order delay ho raha,hindi-english code-switched sentence: restaurant का order delay हो रार,food,EN-HN-EN-EN-HN-HN
207,plate ka portion thoda kam laga,hindi-english code-switched sentence: plate का portion थोदा कम लाख,food,EN-HN-EN-HN-HN-HN
208,dish ka taste expected jaisa nahi tha,hindi-english code-switched sentence: दिश का टाटे expected जाइसा नाही था,food,EN-HN-EN-HN-HN-HN-HN
209,order ka parcel properly seal nahi tha,hindi-english code-switched sentence: order का parcel properly sell नाही था,food,EN-HN-EN-EN-HN-HN-HN
210,menu ka item temporarily unavailable hai,hindi-english code-switched sentence: menu का item temporarily impossible है,food,EN-HN-EN-EN-EN-HN
211,product ka warranty card missing hai,hindi-english code-switched sentence: product का warning card missing है,shopping,EN-HN-EN-EN-EN-HN
212,item ka exchange option available nahi,hindi-english code-switched sentence: item का exchange option available नाही,shopping,EN-HN-EN-EN-HN-HN
213,order ka tracking link kaam nahi kar raha,hindi-english code-switched sentence: order का tracking link काम नाही कार रार,shopping,EN-HN-EN-EN-HN-HN-HN
214,cart ka total amount change ho gaya,hindi-english code-switched sentence: cart का total amount change हो गया,shopping,EN-HN-EN-EN-HN-HN
215,offer ka validity kal expire ho raha,hindi-english code-switched sentence: offer का validity काल express हो रार,shopping,EN-HN-EN-HN-HN-HN
216,meeting ka start time postpone hua,hindi-english code-switched sentence: meeting का start time postpone hua,work,EN-HN-EN-EN-EN-HN
217,task ka priority level high hai,hindi-english code-switched sentence: task का priority level high है,work,EN-HN-EN-EN-EN-HN
218,document ka version outdated lag raha,hindi-english code-switched sentence: document का version outdated लग रार,work,EN-HN-EN-EN-HN-HN
219,call ka audio clear nahi aa raha,hindi-english code-switched sentence: call का audio clear नाही aa रार,work,EN-HN-EN-HN-HN-HN
220,discussion ka summary mail pe bhej dena,hindi-english code-switched sentence: discussion का summary mail पे बय देना,work,EN-HN-EN-EN-HN-HN-HN
221,lecture ka slide deck download nahi ho raha,hindi-english code-switched sentence: read का slide deck download नाही हो रार,education,EN-HN-EN-EN-HN-HN-HN
222,exam ka invigilator late aaya,hindi-english code-switched sentence: exam का invigilator late आया,education,EN-HN-EN-HN-HN
223,class ka attendance register missing hai,hindi-english code-switched sentence: class का attendance register missing है,education,EN-HN-EN-EN-EN-HN
224,project ka demo clearly samajh aaya,hindi-english code-switched sentence: project का demo clearly same आया,education,EN-HN-EN-EN-HN-HN
225,seminar ka schedule last minute change hua,hindi-english code-switched sentence: seminar का schedule last minute change hua,education,EN-HN-EN-HN-EN-HN-HN
226,hostel ka mess food average lag raha,hindi-english code-switched sentence: hostel का मेस food average लग रार,education,EN-HN-EN-EN-HN-HN
227,whiteboard ka marker dry ho gaya,hindi-english code-switched sentence: whiteboard का marker dry हो गया,education,EN-HN-EN-HN-HN
228,assignment ka submission portal slow hai,hindi-english code-switched sentence: assignment का submit portal slow है,education,EN-HN-EN-EN-EN-HN
229,class ka syllabus alignment clear nahi,hindi-english code-switched sentence: class का syllabus alignment clear नाही,education,EN-HN-EN-EN-HN-HN
230,tutorial ka recording link expire ho gaya,hindi-english code-switched sentence: tutorial का recording link express हो गया,education,EN-HN-EN-EN-HN-HN
231,kitchen ka sink water leak kar raha,hindi-english code-switched sentence: kitchen का सिंक water लेक कार रार,household,EN-HN-EN-EN-HN-HN
232,room ka curtain properly slide nahi ho raha,hindi-english code-switched sentence: room का कुर्तान properly slide नाही हो रार,household,EN-HN-EN-EN-HN-HN-HN
233,bedroom ka switch board loose lag raha,hindi-english code-switched sentence: bedroom का switch board lose लग रार,household,EN-HN-EN-EN-HN-HN
234,washing powder ka stock khatam ho gaya,hindi-english code-switched sentence: washing powder का stock हाताम हो गया,household,EN-HN-EN-HN-HN-HN
235,balcony ka plant water karna reh gaya,hindi-english code-switched sentence: balcony का plant water करना रह गाया,household,EN-HN-EN-HN-HN-HN
236,bathroom ka exhaust fan noise kar raha,hindi-english code-switched sentence: bathroom का exhaust fan नोसे कार रार,household,EN-HN-EN-EN-HN-HN
237,fridge ka ice tray jam ho gaya,hindi-english code-switched sentence: fridge का ice try jan हो गया,household,EN-HN-EN-EN-HN-HN
238,sofa ka fabric stain easily pakad raha,hindi-english code-switched sentence: सोफा का factory stan easily पाड रा,household,EN-HN-EN-EN-HN-HN
239,wardrobe ka door alignment thoda off hai,hindi-english code-switched sentence: wardobe का दर alliance था off है,household,EN-HN-EN-HN-EN-HN-HN
240,home ka inverter backup weak lag raha,hindi-english code-switched sentence: home का reverse backup week लग रार,household,EN-HN-EN-EN-HN-HN
241,app ka onboarding flow confusing laga,hindi-english code-स्व्चेड sentence: app का onboarding flow confusing लगा,digital,EN-HN-EN-EN-EN-HN
242,phone ka notification badge clear nahi hua,hindi-english code-switched sentence: phone का notification badge clear नाही hua,digital,EN-HN-EN-EN-HN-HN-HN
243,browser ka extension automatically disable hua,hindi-english code-switched sentence: browser का extension automatically disable हा,digital,EN-HN-EN-EN-EN-HN
244,system ka storage cleanup recommend kar raha,hindi-english code-switched sentence: system का storage cleanup recommended कार रार,digital,EN-HN-EN-EN-HN-HN-HN
245,email ka attachment size limit cross ho gaya,hindi-english code-switched sentence: email का attachment size limit cross हो गया,digital,EN-HN-EN-EN-EN-HN-HN
246,wifi ka password recently change hua,hindi-english code-switched sentence: विफि का password recently change हा,digital,EN-HN-EN-EN-EN-HN
247,app ka dark mode option missing hai,hindi-english code-switched sentence: app का dark mode option missing है,digital,EN-HN-EN-EN-EN-HN
248,file ka sync status stuck ho gaya,hindi-english code-स्व्टेड sentence: फ़ाइल का sync status स्त हो गया,digital,EN-HN-EN-EN-HN-HN
249,update ka changelog properly mention nahi,hindi-english code-switched sentence: update का changelog properly mention नाही,digital,EN-HN-EN-EN-HN-HN
250,system ka boot time zyada lag raha,hindi-english code-switched sentence: system का boat time जादा लग रार,digital,EN-HN-EN-EN-HN-HN
251,doctor ka follow up visit next week hai,hindi-english code-switched sentence: doctor का follow up visit next week है,health,EN-HN-EN-EN-HN-HN-HN
252,medicine ka refill reminder set karna,hindi-english code-switched sentence: medicine का rifle reminder set करना,health,EN-HN-EN-EN-HN-HN
253,clinic ka registration counter crowded tha,hindi-english code-switched sentence: clinic का registration counter crowded था,health,EN-HN-EN-EN-EN-HN
254,test ka sample collection smooth raha,hindi-english code-switched sentence: test का sample collection स्मोथ रा,health,EN-HN-EN-EN-HN-HN
255,report ka turnaround time fast tha,hindi-english code-switched sentence: report का turnaround time fast था,health,EN-HN-EN-EN-EN-HN
256,prescribed diet follow karna mushkil lag raha,hindi-english code-switched sentence: compulsory diet follow करना मुश्किल लग रार,health,EN-HN-HN-HN-HN-HN
257,exercise ka routine maintain nahi ho raha,hindi-english code-switched sentence: exercise का routine मितान नाही हो रार,health,EN-HN-EN-HN-HN-HN
258,doctor ka waiting time manageable laga,hindi-english code-switched sentence: doctor का waiting time manageable लागा,health,EN-HN-EN-EN-EN-HN
259,medicine ka taste thoda bitter hai,hindi-english code-switched sentence: medicine का तास्टे थोदा bitter है,health,EN-HN-EN-HN-HN-HN
260,health checkup ka package affordable laga,hindi-english code-switched sentence: health checkup का package affordable लाग,health,EN-HN-EN-EN-EN-HN
261,manager ka approval abhi pending hai,hindi-english code-switched sentence: manager का approved अब्ही pending है,work,EN-HN-EN-EN-HN-HN
262,team ka workload evenly distribute nahi hua,hindi-english code-switched sentence: team का workload even distributed नाही hua,work,EN-HN-EN-EN-HN-HN-HN
263,meeting ka follow up action pending raha,hindi-english code-switched sentence: meeting का follow up action pending रा,work,EN-HN-EN-EN-EN-HN
264,client ka response expected se slow aaya,hindi-english code-switched sentence: client का response expected से slow आया,work,EN-HN-EN-EN-HN-HN-HN
265,task ka ownership clearly define nahi hua,hindi-english code-switched sentence: task का ownership clearly define नाही hua,work,EN-HN-EN-EN-HN-HN-HN
266,deadline ka buffer thoda kam tha,hindi-english code-switched sentence: deadline का buffer थोदा कम था,work,EN-HN-EN-HN-HN-HN
267,report ka final version abhi ready nahi,hindi-english code-switched sentence: report का final version अब्ही ready नाही,work,EN-HN-EN-EN-HN-HN-HN
268,discussion ka outcome clearly document nahi hua,hindi-english code-switched sentence: discussion का come clearly document नाही hua,work,EN-HN-EN-EN-HN-HN-HN
269,team ka sync meeting skip ho gaya,hindi-english code-switched sentence: team का sync meeting ship हो गया,work,EN-HN-EN-EN-HN-HN
270,work ka stress level zyada lag raha,hindi-english code-switched sentence: work का stress level जादा लग रार,work,EN-HN-EN-EN-HN-HN
271,group ka plan weekend ke liye bana,hindi-english code-switched sentence: group का plan weekend के लिये बान,social,EN-HN-EN-HN-HN-HN
272,friends ka meetup casual rakhenge,hindi-english code-switched sentence: friends का मेटप casual राखेंगे,social,EN-HN-EN-EN-HN
273,chat ka tone thoda awkward lag raha,hindi-english code-switched sentence: chat का tone था उक्कार्ड लग रार,social,EN-HN-EN-HN-HN-HN
274,message ka reply short rakhna better hai,hindi-english code-switched sentence: message का reply short राख्ना better है,social,EN-HN-EN-EN-HN-HN-HN
275,call ka purpose clearly explain nahi hua,hindi-english code-switched sentence: call का पूर्पोसे clearly explain नाही hua,social,EN-HN-EN-EN-HN-HN-HN
276,status ka caption thoda confusing laga,hindi-english code-switched sentence: status का caption था कुझिसिं लगा,social,EN-HN-EN-HN-HN-HN
277,event ka dress code casual rakha,hindi-english code-switched sentence: event का dress code casual राखा,social,EN-HN-EN-EN-EN-HN
278,invite ka response time kaafi slow tha,hindi-english code-switched sentence: invite का reply time kaafi slow था,social,EN-HN-EN-HN-HN-HN
279,conversation ka flow natural nahi lag raha,hindi-english code-switched sentence: conversation का flow natural नाही लग रार,social,EN-HN-EN-EN-HN-HN-HN
280,group chat ka discussion off topic chala,hindi-english code-switched sentence: group chat का discussion off topic चाला,social,EN-HN-EN-EN-HN-HN
281,bus ka frequency peak hours me kam hai,hindi-english code-switched sentence: bus का frequency pay hours कम है,transport,EN-HN-EN-EN-HN-HN-HN
282,cab ka waiting time estimate wrong nikla,hindi-english code-switched sentence: का waiting time estimated wrong निका,transport,EN-HN-EN-EN-EN-HN
283,metro ka entry gate rush me band ho gaya,hindi-english code-switched sentence: मेर का entry gate rush मे band हो गया,transport,EN-HN-EN-EN-HN-HN-HN
284,driver ka route choice thoda confusing tha,hindi-english code-switched sentence: driver का route choice था confused था,transport,EN-HN-EN-EN-HN-HN-HN
285,signal ka countdown timer kaam nahi kar raha,hindi-english code-switched sentence: signal का countdown timer काम नाही कार रार,transport,EN-HN-EN-EN-HN-HN-HN
286,parking ka guidance sign clearly visible nahi,hindi-english code-switched sentence: parking का guidance sign clearly visible नाही,transport,EN-HN-EN-EN-HN-HN-HN
287,road ka surface uneven lag raha,hindi-english code-switched sentence: road का surface uneven लग रार,transport,EN-HN-EN-HN-HN
288,toll booth ka queue unexpectedly long tha,hindi-english code-switched sentence: toll both का care unexpectedly long था,transport,EN-HN-EN-EN-EN-HN
289,bus ka interior cleanliness average laga,hindi-english code-switched sentence: bus का interior cleanlines average लगा,transport,EN-HN-EN-EN-EN-HN
290,metro ka last mile connectivity weak hai,hindi-english code-switched sentence: मेर का last मिले connectivity week है,transport,EN-HN-EN-EN-EN-HN
291,journey ka break duration thoda zyada tha,hindi-english code-switched sentence: जुरनी का break duration थोदा जादा था,travel,EN-HN-EN-EN-HN-HN-HN
292,station ka crowd level manageable tha,hindi-english code-switched sentence: station का crowd level manageable था,travel,EN-HN-EN-EN-EN-HN
293,ticket ka QR scan properly nahi hua,hindi-english code-switched sentence: ticket का QR scan properly नाही hua,travel,EN-HN-EN-EN-HN-HN-HN
294,platform ka display board refresh late hua,hindi-english code-switched sentence: platform का display board refresh late hua,travel,EN-HN-EN-EN-EN-HN
295,coach ka seating layout thoda cramped laga,hindi-english code-switched sentence: coach का setting लाय था corrupt लाग,travel,EN-HN-EN-EN-HN-HN-HN
296,journey ka overall pace smooth raha,hindi-english code-switched sentence: जुरनी का overall peace स्मोथ रा,travel,EN-HN-EN-EN-HN-HN
297,travel ka buffer time useful prove hua,hindi-english code-switched sentence: travel का buffer time useful prove hua,travel,EN-HN-EN-EN-HN-HN
298,route ka scenic part kaafi acha laga,hindi-english code-switched sentence: route का scenic part कााफि आचा लगा,travel,EN-HN-EN-EN-HN-HN-HN
299,journey ke end me fatigue thoda kam tha,hindi-english code-switched sentence: जरयनी के end मे fatie थोडा कम था,travel,EN-HN-EN-HN-HN-HN-HN
300,overall travel experience satisfying raha,hindi-english code-switched sentence: overall travel experience satisfied रार,travel,EN-EN-EN-HN-HN
301,train ka coach number clearly visible nahi,hindi-english code-switched sentence: train का coach number clearly visible नाही,travel,EN-HN-EN-EN-HN-HN-HN
302,bus ka route diversion aaj laga hai,hindi-english code-switched sentence: bus का route diversification आय लागा है,travel,EN-HN-EN-EN-HN-HN-HN
303,cab ka drop point thoda confusing tha,hindi-english code-switched sentence: का drop point थोडा confused था,travel,EN-HN-EN-EN-HN-HN-HN
304,journey ka luggage allowance sufficient tha,hindi-english code-switched sentence: जगनी का लुगागे permission sufficient था,travel,EN-HN-EN-EN-EN-HN
305,station ka restroom maintenance poor laga,hindi-english code-switched sentence: station का रिस्रोम maintenance poor लाग,travel,EN-HN-EN-EN-EN-HN
306,restaurant ka seating arrangement cramped hai,hindi-english code-switched sentence: restaurant का setting arrangement corrupt है,food,EN-HN-EN-EN-EN-HN
307,menu ka veg section limited laga,hindi-english code-switched sentence: menu का वेव section limited लाग,food,EN-HN-EN-EN-EN-HN
308,order ka delivery slot reschedule ho gaya,hindi-english code-switched sentence: order का deliver slot reschedule हो गाया,food,EN-HN-EN-EN-HN-HN
309,dish ka presentation thoda plain tha,hindi-english code-switched sentence: दिश का presentation था प्लाइन था,food,EN-HN-EN-HN-HN-HN
310,bill ka split option available nahi,hindi-english code-switched sentence: bill का split option available नाही,food,EN-HN-EN-EN-HN-HN
311,shopping ka crowd weekend pe zyada hota,hindi-english code-switched sentence: shopping का crowd weekend पे जादा hota,shopping,EN-HN-EN-HN-HN-HN
312,store ka return counter busy lag raha,hindi-english code-switched sentence: store का return counter busy लग रार,shopping,EN-HN-EN-EN-HN-HN
313,product ka color online photo se different tha,hindi-english code-switched sentence: product का colour online photo से different था,shopping,EN-HN-EN-HN-EN-HN-HN
314,checkout ka process thoda slow laga,hindi-english code-switched sentence: checkout का process था slow लाग,shopping,EN-HN-EN-HN-HN-HN
315,discount ka calculation automatically update nahi hua,hindi-english code-switched sentence: discount का calculation automatically update नाही वहा,shopping,EN-HN-EN-EN-HN-HN-HN
316,office ka entry process smooth raha,hindi-english code-switched sentence: office का entry process sweet रा,work,EN-HN-EN-EN-HN-HN
317,meeting ka discussion points clear the,hindi-english code-switched sentence: meeting का discussion points clear the,work,EN-HN-EN-EN-EN-HN
318,task ka estimation thoda optimistic lag raha,hindi-english code-switched sentence: task का estimation था optimistic लग रार,work,EN-HN-EN-HN-HN-HN
319,email ka response window short rakha,hindi-english code-switched sentence: email का reply window short राखा,work,EN-HN-EN-EN-EN-HN
320,deadline ka reminder timely trigger hua,hindi-english code-switched sentence: deadline का remind temporarily trigger hua,work,EN-HN-EN-EN-EN-HN
321,lecture ka timing notice board pe update hua,hindi-english code-switched sentence: read का timing notice board पे update hua,education,EN-HN-EN-EN-HN-HN-HN
322,class ka projector properly focus nahi hua,hindi-english code-switched sentence: class का projector properly focus नाही hua,education,EN-HN-EN-EN-HN-HN-HN
323,exam ka paper difficulty moderate laga,hindi-english code-switched sentence: exam का paper difficulty moderate लाग,education,EN-HN-EN-EN-EN-HN
324,assignment ka plagiarism check pending hai,hindi-english code-switched sentence: assignment का प्लगियारिस्म check pending है,education,EN-HN-EN-EN-EN-HN
325,tutorial ka pace thoda fast lag raha,hindi-english code-switched sentence: tutorial का पाटे थोदा fast लग रार,education,EN-HN-EN-HN-HN-HN
326,notes ka handwriting clearly readable nahi,hindi-english code-switched sentence: notes का writing clearly readable नाही,education,EN-HN-EN-EN-HN-HN
327,lab ka equipment calibration due hai,hindi-english code-switched sentence: lab का equipment calibration due है,education,EN-HN-EN-EN-EN-HN
328,class ka seating layout cramped laga,hindi-english code-स्व्टेड sentence: class का setting layout cramped लगा,education,EN-HN-EN-EN-EN-HN
329,exam ka result portal slow chal raha,hindi-english code-switched sentence: exam का result portal slow चारा,education,EN-HN-EN-EN-HN-HN
330,group project ka coordination smooth raha,hindi-english code-switched sentence: group project का coordination स्मोथ रा,education,EN-HN-EN-EN-HN-HN
331,room ka ceiling fan vibration kar raha,hindi-english code-switched sentence: room का celling fan vibration कार रा,household,EN-HN-EN-EN-HN-HN
332,window ka latch properly lock nahi hua,hindi-english code-स्व्टेड sentence: window का लाच relatively lock नाही hua,household,EN-HN-EN-EN-HN-HN-HN
333,kitchen ka gas knob tight ho gaya,hindi-english code-switched sentence: kitchen का gas कनोब ट हो गया,household,EN-HN-EN-HN-HN
334,drawer ka handle loose lag raha,hindi-english code-switched sentence: drawn का handle loss लग रार,household,EN-HN-EN-HN-HN
335,bathroom ka mirror fog easily pakad raha,hindi-english code-switched sentence: bathroom का mirror fog easily पाड रार,household,EN-HN-EN-EN-HN-HN
336,home ka power backup unreliable lag raha,hindi-english code-switched sentence: home का power backup unreliable लग रार,household,EN-HN-EN-EN-HN-HN
337,balcony ka railing paint chip ho raha,hindi-english code-switched sentence: balcony का railing paint chip हो रार,household,EN-HN-EN-EN-HN-HN
338,wardrobe ka drawer smooth slide nahi karta,hindi-english code-switched sentence: वर्डोबे का drawer sweet slide नही कार्टा,household,EN-HN-EN-EN-HN-HN-HN
339,door ka hinge squeak sound kar raha,hindi-english code-switched sentence: दर का हिंग स्चेक sound कार रा,household,EN-HN-EN-EN-HN-HN
340,room ka ventilation proper nahi lag raha,hindi-english code-switched sentence: room का ventilation proper नाही लग रार,household,EN-HN-EN-HN-HN-HN
341,app ka loading time peak hours me badhta,hindi-english code-switched sentence: app का loading time talk hours मे बाद्ता,digital,EN-HN-EN-EN-HN-HN-HN
342,phone ka camera focus slow ho raha,hindi-english code-switched sentence: phone का camera focus slow हो रार,digital,EN-HN-EN-EN-HN-HN
343,software ka update background me install hua,hindi-english code-switched sentence: software का update background me install हा,digital,EN-HN-EN-EN-HN-HN-HN
344,browser ka cache clear karna padega,hindi-english code-switched sentence: browser का cache clear karna पाडेगा,digital,EN-HN-EN-EN-HN-HN
345,file ka rename option greyed out hai,hindi-english code-switched sentence: file का rename option grew out है,digital,EN-HN-EN-EN-EN-HN
346,app ka notification sound muted lag raha,hindi-english code-switched sentence: app का notification sound changed लग रार,digital,EN-HN-EN-EN-HN-HN
347,system ka restart issue solve kar deta,hindi-english code-switched sentence: system का restart issue solve का देटा,digital,EN-HN-EN-EN-HN-HN
348,email ka spam filter aggressive lag raha,hindi-english code-switched sentence: email का spam filter aggressive लग रार,digital,EN-HN-EN-EN-HN-HN
349,device ka firmware update pending hai,hindi-english code-switched sentence: device का firmware update pending है,digital,EN-HN-EN-EN-EN-HN
350,cloud sync ka conflict resolve nahi hua,hindi-english code-switched sentence: cloud sync का conflict resolve नाही hua,digital,EN-EN-HN-EN-HN-HN-HN
351,medicine ka dosage timing adjust karna hoga,hindi-english code-switched sentence: medicine का dose timing adjust करना होगा,health,EN-HN-EN-EN-HN-HN-HN
352,clinic ka appointment slot reschedule hua,hindi-english code-switched sentence: clinic का appointment slot reschedule hua,health,EN-HN-EN-EN-HN-HN
353,test ka sample label missing nikla,hindi-english code-switched sentence: test का sample label missing निका,health,EN-HN-EN-EN-HN-HN
354,report ka interpretation thoda confusing laga,hindi-english code-switched sentence: report का interpretation था confused लागा,health,EN-HN-EN-HN-HN-HN
355,medicine ka side effect mild lag raha,hindi-english code-switched sentence: medicine का side effect मिल्ड लग रार,health,EN-HN-EN-EN-HN-HN
356,doctor ka explanation easy samajh aaya,hindi-english code-switched sentence: doctor का explanation easy same आया,health,EN-HN-EN-EN-HN-HN
357,health app ka step count inaccurate lag raha,hindi-english code-switched sentence: health app का step count incorrect लग रार,health,EN-EN-EN-HN-HN-HN-HN
358,exercise ka warm up skip nahi karna,hindi-english code-switched sentence: exercise का warm up ship नाही करना,health,EN-HN-EN-EN-HN-HN
359,diet ka protein intake insufficient lag raha,hindi-english code-switched sentence: diet का protein take sufficient लग रा,health,EN-HN-EN-EN-HN-HN
360,sleep ka schedule recently disturb ho gaya,hindi-english code-switched sentence: sleep का schedule recently disturb हो गाया,health,EN-HN-EN-EN-HN-HN
361,work ka daily standup thoda late start hua,hindi-english code-switched sentence: work का daily stand थोडा late start हा,work,EN-HN-EN-EN-HN-HN-HN
362,task ka dependency clear mention nahi tha,hindi-english code-switched sentence: task का independence clear mention नाही था,work,EN-HN-EN-EN-HN-HN-HN
363,meeting ka action item tracker update hua,hindi-english code-switched sentence: meeting का action item tracker update hua,work,EN-HN-EN-EN-EN-HN
364,project ka scope creep gradually badh raha,hindi-english code-switched sentence: project का scope creep gradually बाद् रार,work,EN-HN-EN-EN-EN-HN
365,deadline ka extension formally approve hua,hindi-english code-switched sentence: deadline का extension formally approved hua,work,EN-HN-EN-EN-EN-HN
366,presentation ka rehearsal confidence build karta,hindi-english code-switched sentence: presentation का रहेरसाल confidence build कार्टा,work,EN-HN-EN-EN-EN-HN
367,feedback ka tone constructive lag raha,hindi-english code-switched sentence: feedback का tone constructive लग रार,work,EN-HN-EN-EN-HN-HN
368,work ka documentation up to date nahi,hindi-english code-switched sentence: work का documentation up to date नाही,work,EN-HN-EN-EN-EN-HN
369,code ka readability score improve ho sakta,hindi-english code-switched sentence: code का reality score improve हो साका,work,EN-HN-EN-EN-EN-HN
370,review ka turnaround time acceptable tha,hindi-english code-switched sentence: review का turnaround time acceptable था,work,EN-HN-EN-EN-EN-HN
371,friends ka plan last moment pe cancel hua,hindi-english code-switched sentence: friends का plan last moment पे cancel हा,social,EN-HN-HN-EN-HN-HN-HN
372,group chat ka mood thoda serious lag raha,hindi-english code-switched sentence: group chat का mood था serious लग रार,social,EN-HN-EN-EN-HN-HN-HN
373,conversation ka pace slow ho gaya,hindi-english code-switched sentence: conversation का peace slow हो गया,social,EN-HN-EN-EN-HN-HN
374,message ka context sabko clear nahi tha,hindi-english code-switched sentence: message का context सबको clear नाही था,social,EN-HN-EN-EN-HN-HN-HN
375,reply ka tone friendly rakhna zaruri hai,hindi-english code-switched sentence: reply का tone friendly राख्ना जारुरि है,social,EN-HN-EN-EN-HN-HN-HN
376,group ka decision unanimous nahi raha,hindi-english code-switched sentence: group का decision unanimous नही रार,social,EN-HN-EN-EN-HN-HN
377,event ka reminder sabko time pe mila,hindi-english code-switched sentence: event का reminder सबको time पे मिला,social,EN-HN-EN-HN-HN-HN-HN
378,status update ka wording neutral rakha,hindi-english code-switched sentence: status update का speaking neutral राखा,social,EN-EN-EN-HN-HN
379,chat ka screenshot accidentally share ho gaya,hindi-english code-switched sentence: chat का screenshot accidentally shared हो गाया,social,EN-HN-EN-EN-EN-HN-HN
380,group ka admin role rotate karna chahiye,hindi-english code-switched sentence: group का admin role rotten karna चाहिये,social,EN-HN-EN-EN-HN-HN
381,bus ka AC kaam nahi kar raha,hindi-english code-switched sentence: bus का आक काम नाही car रार,transport,EN-HN-EN-HN-HN-HN
382,metro ka platform sign clearly visible tha,hindi-english code-switched sentence: मेर का platform sign clearly visible था,transport,EN-HN-EN-EN-EN-HN
383,cab ka fare estimate fluctuate kar raha,hindi-english code-स्व्टेड sentence: का फार estimate ्ताे कार,transport,EN-HN-EN-EN-HN-HN
384,traffic ka bottleneck junction pe bana,hindi-english code-switched sentence: traffic का bottleneck jump पे बान,transport,EN-HN-EN-HN-HN-HN
385,parking ka slot thoda narrow laga,hindi-english code-switched sentence: parking का slot था नर्रोव लगा,transport,EN-HN-EN-HN-HN-HN
386,route ka alternative option suggest hua,hindi-english code-switched sentence: route का alternative option suggest हा,transport,EN-HN-EN-EN-HN-HN
387,journey ka rest stop clean maintain tha,hindi-english code-switched sentence: जरयनी का rest stop clean main था,travel,EN-HN-EN-EN-EN-HN
388,travel ka packing checklist useful prove hua,hindi-english code-switched sentence: travel का packing checklist useful prove हा,travel,EN-HN-EN-EN-HN-HN
389,station ka exit signage clear nahi tha,hindi-english code-switched sentence: station का exit signature clear नाही था,travel,EN-HN-EN-EN-HN-HN
390,travel ka itinerary flexible rakhna acha,hindi-english code-switched sentence: travel का इतनेरारी flexible राख्ना आचा,travel,EN-HN-EN-EN-HN-HN
391,hotel ka check in process smooth raha,hindi-english code-switched sentence: hotel का check in process स्मोथ रा,travel,EN-EN-HN-EN-HN-HN
392,room ka key card occasionally fail ho raha,hindi-english code-switched sentence: room का key card occasionally fail हो रार,travel,EN-HN-EN-EN-EN-HN-HN
393,travel ka weather buffer plan me include tha,hindi-english code-switched sentence: travel का weather buffer plan मे include था,travel,EN-HN-EN-EN-HN-HN-HN
394,journey ka final leg comfortable raha,hindi-english code-switched sentence: जुरनी का final leg comfortable रार,travel,EN-HN-EN-EN-HN-HN
395,travel ka local commute easy mila,hindi-english code-switched sentence: travel का local change easy मिला,travel,EN-HN-EN-EN-EN-HN
396,tour ka guide instructions clearly de raha,hindi-english code-switched sentence: tour का guide instructions clearly de रा,travel,EN-HN-EN-EN-EN-HN-HN
397,travel ka pace sabke liye comfortable raha,hindi-english code-switched sentence: travel का पैटे सबके lye comfortable रार,travel,EN-HN-EN-EN-HN-HN-HN
398,journey ka feedback form simple tha,hindi-english code-switched sentence: जुरनी का feedback form simple था,travel,EN-HN-EN-EN-EN-HN
399,travel ka overall impression positive raha,hindi-english code-switched sentence: travel का overall impression positive रा,travel,EN-HN-EN-EN-HN-HN
400,trip ka closure feeling satisfying laga,hindi-english code-switched sentence: trip का close feeling satisfied लगा,travel,EN-HN-EN-EN-EN-HN
401,calendar ka reminder automatically set ho gaya,hindi-english code-switched sentence: का reminder automatically set हो गया,digital,EN-HN-EN-EN-HN-HN
402,phone ka vibration mode accidentally on tha,hindi-english code-switched sentence: phone का vibration mode accidentally on था,digital,EN-HN-EN-EN-EN-HN
403,email ka subject line misleading laga,hindi-english code-switched sentence: email का subject line missing लगा,digital,EN-HN-EN-EN-EN-HN
404,file ka size limit exceed ho gaya,hindi-english code-switched sentence: file का size limit exceeded हो गया,digital,EN-HN-EN-EN-HN-HN
405,browser ka tab accidentally close ho gaya,hindi-english code-switched sentence: browser का tab accidentally close हो गाया,digital,EN-HN-EN-EN-EN-HN-HN
406,playlist ka shuffle mode off karna,hindi-english code-switched sentence: playerist का शुफ्ले mode off करना,digital,EN-HN-EN-EN-EN-HN
407,video ka buffering issue baar baar aa raha,hindi-english code-switched sentence: video का buffering issue bar bar बार aa रार,digital,EN-HN-EN-EN-HN-HN-HN
408,system ka storage cleanup pending hai,hindi-english code-switched sentence: system का storage cleanup pending है,digital,EN-HN-EN-EN-EN-HN
409,meeting ka follow up mail bhejna,hindi-english code-switched sentence: meeting का follow up mail बेँना,work,EN-HN-EN-EN-EN-HN
410,task ka priority level change hua,hindi-english code-switched sentence: task का priority level change hua,work,EN-HN-EN-EN-HN-HN
411,office ka internet speed fluctuate kar raha,hindi-english code-switched sentence: office का internet speed फुल्क्ताे कार रार,work,EN-HN-EN-EN-HN-HN
412,report ka formatting issue highlight hua,hindi-english code-switched sentence: report का formating issue highlight hua,work,EN-HN-EN-EN-HN-HN
413,client ka feedback document me add karna,hindi-english code-switched sentence: client का feedback document मे add करना,work,EN-HN-EN-EN-HN-HN-HN
414,deadline ka buffer time helpful hota,hindi-english code-switched sentence: deadline का buffer time helpful hot,work,EN-HN-EN-EN-HN-HN
415,discussion ka summary notes me likhna,hindi-english code-switched sentence: discussion का summary notes मे लिख्ना,work,EN-HN-EN-EN-HN-HN-HN
416,team ka sync meeting weekly hota,hindi-english code-switched sentence: team का sync meeting weekly hot,work,EN-HN-EN-EN-EN-HN
417,presentation ka slide order revise karna,hindi-english code-switched sentence: presentation का slid order review करना,work,EN-HN-EN-EN-EN-HN
418,office ka pantry stock refill karna,hindi-english code-switched sentence: office का pantry stock return करना,work,EN-HN-EN-EN-EN-HN
419,team ka workload evenly distribute karna,hindi-english code-switched sentence: team का workload equally distributed करना,work,EN-HN-EN-EN-EN-HN
420,project ka milestone tracker update hua,hindi-english code-switched sentence: project का मिलेस्टone tracker update hua,work,EN-HN-EN-EN-EN-HN
421,home ka grocery list ready karna,hindi-english code-switched sentence: home का growth list ready करना,household,EN-HN-EN-EN-EN-HN
422,kitchen ka sink water slow drain ho raha,hindi-english code-switched sentence: kitchen का सिंक water slow rain हो रार,household,EN-HN-EN-EN-EN-HN-HN
423,bedroom ka curtain rod loose ho gaya,hindi-english code-switched sentence: bedroom का कुर्ताइन रोड लोसे हो ग,household,EN-HN-EN-EN-HN-HN
424,balcony ka plant watering schedule miss hua,hindi-english code-switched sentence: balcony का plant watering schedule miss hua,household,EN-HN-EN-EN-EN-HN-HN
425,room ka dust accumulation noticeable lag raha,hindi-english code-switched sentence: room का dust accumulation noticeable लग रार,household,EN-HN-EN-EN-EN-HN-HN
426,study ka revision plan weekend pe banana,hindi-english code-switched sentence: study का review plan weekend पे बाना,education,EN-HN-EN-EN-HN-HN-HN
427,lecture ka attendance sheet late circulate hua,hindi-english code-switched sentence: read का extension sheet डाट सिर्काटे वहा,education,EN-HN-EN-EN-EN-HN-HN
428,course ka reading list lengthy lag raha,hindi-english code-switched sentence: course का reading list length लग रार,education,EN-HN-EN-EN-HN-HN
429,assignment ka grading rubric clear tha,hindi-english code-switched sentence: assignment का graduation रुब्रिक clear था,education,EN-HN-EN-EN-EN-HN
430,exam ka invigilation process smooth raha,hindi-english code-switched sentence: exam का surveillance process स्मोथ रा,education,EN-HN-EN-EN-HN-HN
431,syllabus ka overlap thoda confusing laga,hindi-english code-switched sentence: सिलाबु का उपला था confuse लगा,education,EN-HN-EN-HN-HN-HN
432,practical ka evaluation criteria strict tha,hindi-english code-switched sentence: practical का assessment criteria strict था,education,EN-HN-EN-EN-EN-HN
433,tutorial ka doubt clearing session helpful raha,hindi-english code-switched sentence: tutorial का doubt clearing session हेल्ल रा,education,EN-HN-EN-EN-EN-HN-HN
434,notes ka diagram explanation clear tha,hindi-english code-switched sentence: notes का diagram explain clear था,education,EN-HN-EN-EN-EN-HN
435,online class ka audio occasionally break ho raha,hindi-english code-switched sentence: online class का audio occasionally break हो रार,education,EN-EN-EN-HN-HN-HN-HN
436,neighbour ka dog barking raat me zyada hota,hindi-english code-switched sentence: neighbor का dog barking rat मे स्वादा hota,household,EN-HN-EN-EN-HN-HN-HN
437,society ka lift maintenance due ho gaya,hindi-english code-switched sentence: society का lift maintenance due हो गया,household,EN-HN-EN-EN-HN-HN
438,water ka pressure subah kam hota,hindi-english code-switched sentence: water का pressure सब्य कम होटा,household,EN-HN-EN-HN-HN-HN
439,electricity ka outage notice pehle aaya,hindi-english code-switched sentence: electricity का outage notice पेखल आया,household,EN-HN-EN-EN-HN-HN
440,flat ka paint shade slightly dull laga,hindi-english code-switched sentence: flat का paint shade slightly dull लाग,household,EN-HN-EN-EN-EN-HN-HN
441,door ka bell sound faint ho gaya,hindi-english code-switched sentence: दर का bell sound fan हो गया,household,EN-HN-EN-EN-HN-HN
442,laundry ka washing cycle longer laga,hindi-english code-switched sentence: लांड्र का washing cycle longer लाग,household,EN-HN-EN-EN-EN-HN
443,garbage ka pickup schedule miss hua,hindi-english code-switched sentence: गारबे का pickup schedule miss hua,household,EN-HN-EN-EN-EN-HN
444,app ka dark mode preference save nahi hua,hindi-english code-switched sentence: app का dark mode preference save नाही hua,digital,EN-EN-EN-HN-HN-HN-HN
445,website ka login captcha repeatedly fail ho raha,hindi-english code-switched sentence: website का login capcha repeatedly fail हो रार,digital,EN-HN-EN-EN-EN-HN-HN
446,phone ka software update overnight install hua,hindi-english code-switched sentence: phone का software update overnight install हा,digital,EN-HN-EN-EN-EN-HN-HN
447,app ka logout issue security risk lag raha,hindi-english code-switched sentence: app का logo issue security risk लग रार,digital,EN-HN-EN-EN-EN-HN-HN
448,browser ka bookmark folder accidentally delete hua,hindi-english code-switched sentence: browser का bookmark folder accidentally delete hua,digital,EN-HN-EN-EN-EN-HN-HN
449,system ka auto sleep feature annoying lag raha,hindi-english code-switched sentence: system का auto sleep feature anyone लग रा,digital,EN-HN-EN-EN-EN-HN-HN
450,mobile data ka usage spike achanak aaya,hindi-english code-switched sentence: mobile data का सासे speech आचानाक आया,digital,EN-EN-EN-HN-HN-HN-HN
451,lecture ka assignment submission portal open hua,hindi-english code-switched sentence: read का assignment submit portal open hua,education,EN-HN-EN-EN-EN-HN-HN
452,exam ka seating arrangement notice late aaya,hindi-english code-switched sentence: exam का setting arrangement notice late आया,education,EN-HN-EN-EN-EN-HN-HN
453,course ka prerequisite document clearly mention tha,hindi-english code-switched sentence: course का requirement document clearly mention th,education,EN-HN-EN-EN-EN-EN-HN
454,tutorial ka practice sheet helpful lagi,hindi-english code-switched sentence: tutorial का practical sheet हेल्ल रहे,education,EN-HN-EN-EN-EN-HN
455,lab ka safety instruction board visible nahi,hindi-english code-switched sentence: lab का safety instruction board visible नाही,education,EN-HN-EN-EN-EN-HN-HN
456,syllabus ka mid semester split balanced laga,hindi-english code-switched sentence: सिलाबु का mid semester split balanced लाग,education,EN-HN-EN-EN-EN-EN-HN
457,project ka evaluation panel external tha,hindi-english code-switched sentence: project का assessment panel external था,education,EN-HN-EN-EN-EN-HN
458,seminar ka attendance mandatory mention hua,hindi-english code-switched sentence: seminar का attendance mandate mention hua,education,EN-HN-EN-EN-EN-HN
459,online quiz ka timer unexpectedly reset hua,hindi-english code-switched sentence: online किज का timer unexpectedly reset hua,education,EN-EN-HN-EN-EN-EN-HN
460,class ka participation score calculate hoga,hindi-english code-switched sentence: class का participation score calculate होगा,education,EN-HN-EN-EN-HN-HN
461,society ka security guard shift change hua,hindi-english code-switched sentence: society का security guard shift change hua,household,EN-HN-EN-EN-EN-HN-HN
462,building ka fire drill notice circulate hua,hindi-english code-switched sentence: building का fire drll notice circle hua,household,EN-HN-EN-EN-EN-EN-HN
463,parking ka visitor entry register missing tha,hindi-english code-switched sentence: parking का visitor entry register missing था,household,EN-HN-EN-EN-EN-EN-HN
464,water tank ka cleaning schedule announced hua,hindi-english code-switched sentence: water tank का clean schedule announced hua,household,EN-HN-EN-EN-EN-EN-HN
465,apartment ka maintenance bill generate hua,hindi-english code-switched sentence: apartment का maintenance bill generate hua,household,EN-HN-EN-EN-EN-HN
466,staircase ka emergency light working nahi,hindi-english code-switched sentence: स्तार्कासे का emergency light working नाही,household,EN-HN-EN-EN-HN-HN
467,gate ka access card temporarily deactivate hua,hindi-english code-switched sentence: gate का access card temporarily deactivated hua,household,EN-HN-EN-EN-EN-EN-HN
468,elevator ka weight sensor malfunction kar raha,hindi-english code-switched sentence: elevator का weight sensor mal function कर रार,household,EN-HN-EN-EN-EN-HN-HN
469,corridor ka lighting level insufficient laga,hindi-english code-switched sentence: corridor का lighting level sufficient लगा,household,EN-HN-EN-EN-EN-HN
470,water purifier ka filter replacement due hai,hindi-english code-switched sentence: water purier का filter replacement due है,household,EN-HN-EN-EN-EN-EN-HN
471,music app ka equalizer preset change hua,hindi-english code-switched sentence: music app का equalizer presst change hua,digital,EN-EN-EN-HN-HN-HN
472,cloud storage ka sync delay noticeable tha,hindi-english code-switched sentence: cloud storage का sync delay noticeable था,digital,EN-EN-EN-EN-HN-HN
473,browser ka extension update automatically install hua,hindi-english code-switched sentence: browser का extension update automatically install हा,digital,EN-HN-EN-EN-EN-EN-HN-HN
474,phone ka screen calibration off lag raha,hindi-english code-switched sentence: phone का screen calibration off लग रार,digital,EN-HN-EN-EN-HN-HN
475,system ka startup time noticeably increase hua,hindi-english code-switched sentence: system का start time noticeably increase hua,digital,EN-HN-EN-EN-EN-HN-HN
476,exam ka result announcement date shift ho gaya,hindi-english code-switched sentence: exam का result announcement date shift हो गया,education,EN-HN-EN-EN-EN-HN-HN-HN
477,course ka feedback form anonymous raha,hindi-english code-switched sentence: course का feedback form anonymous रार,education,EN-HN-EN-EN-EN-HN
478,lecture ka slide deck revised version upload hua,hindi-english code-switched sentence: read का slide deck revised version upload hua,education,EN-HN-EN-EN-EN-EN-HN-HN
479,lab ka experiment procedure clearly document tha,hindi-english code-switched sentence: lab का experiment procedure clearly document th,education,EN-HN-EN-EN-EN-EN-HN
480,assignment ka late penalty policy strict hai,hindi-english code-switched sentence: assignment का late penalty policy strict है,education,EN-HN-EN-EN-EN-HN-HN
481,apartment ka water leakage complaint register hua,hindi-english code-switched sentence: apartment का water लेकागे complaint register वहा,household,EN-HN-EN-EN-EN-HN-HN
482,society ka CCTV footage access restricted hai,hindi-english code-switched sentence: society का cctv foot access restricted है,household,EN-EN-EN-HN-HN-HN
483,parking ka reserved slot clearly mark nahi tha,hindi-english code-switched sentence: parking का reserved slot clearly mark नाही था,household,EN-HN-EN-EN-EN-HN-HN
484,power backup ka battery health degrade ho raha,hindi-english code-switched sentence: power backup का battery health डेगरे हो रार,household,EN-HN-EN-EN-EN-HN-HN
485,house ka renovation timeline extend ho gaya,hindi-english code-switched sentence: house का renewal timeline extend हो गाया,household,EN-HN-EN-EN-EN-HN-HN
486,team ka sprint planning session productive raha,hindi-english code-switched sentence: team का sprint planning session productive रा,work,EN-HN-EN-EN-EN-HN-HN
487,project ka risk assessment document update hua,hindi-english code-switched sentence: project का risk assessment document update hua,work,EN-HN-EN-EN-EN-EN-HN-HN
488,meeting ka minutes shared folder me upload hua,hindi-english code-switched sentence: meeting का minutes shared folder me upload hua,work,EN-HN-EN-EN-EN-HN-HN-HN
489,client ka approval mail officially receive hua,hindi-english code-switched sentence: client का approved mail officially received हा,work,EN-HN-EN-EN-EN-HN-HN
490,work ka knowledge transfer session scheduled hai,hindi-english code-switched sentence: work का knowledge transfer session scheduled है,work,EN-HN-EN-EN-EN-EN-HN-HN
491,friends ka weekend outing plan finalize hua,hindi-english code-switched sentence: friends का weekend outing plan finalize hua,social,EN-HN-EN-EN-EN-HN-HN
492,group chat ka message tone misunderstanding cause bana,hindi-english code-switched sentence: group chat का message tone misunderstanding cause बान,social,EN-HN-EN-EN-EN-EN-HN-HN
493,event ka dress code informal mention tha,hindi-english code-switched sentence: event का dress code informal mention था,social,EN-HN-EN-EN-EN-EN-HN
494,call ka audio delay awkward laga,hindi-english code-switched sentence: call का audio delay उक्कार्ड लाए,social,EN-HN-EN-EN-EN-HN
495,conversation ka closure politely handle hua,hindi-english code-switched sentence: conversation का close politically handle hua,social,EN-HN-EN-EN-EN-EN-HN
496,travel ka emergency contact list ready rakhna,hindi-english code-switched sentence: travel का emergency contact list ready राख्ना,travel,EN-HN-EN-EN-EN-EN-HN-HN
497,journey ka luggage tag number mismatch nikla,hindi-english code-switched sentence: जुरनी का लुगगागे tag number different निका,travel,EN-HN-EN-EN-EN-EN-HN-HN
498,airport ka security check process systematic laga,hindi-english code-switched sentence: airport का security check process systematic लाग,travel,EN-HN-EN-EN-EN-EN-HN
499,trip ka budget estimation accurate prove hua,hindi-english code-switched sentence: trip का budget estimation accurate prove hua,travel,EN-HN-EN-EN-EN-HN-HN
500,travel ka post trip survey short aur simple tha,hindi-english code-switched sentence: travel का post trip survey short our simple था,travel,EN-HN-EN-EN-EN-HN-HN-HN
